totalIn,allMint,freezeSum,allowanceTotal,allBurn,totalBalances,totalMint,owner,totalOut,totalBurn,totalUnfreeze,totalFreeze,spentTotal,,freezeOf,totalSupply,balanceOf,allowance
totalSupply,freezeOf,freezeSum,balanceOf,allowanceTotal,totalBalances,owner,spentTotal,,allowance,,,,,,,,
totalIn,allMint,freezeSum,totalOut,allBurn,totalBalances,totalMint,owner,totalUnfreeze,totalBurn,allowance,totalFreeze,,freezeOf,totalSupply,balanceOf,,
allMint,freezeSum,balanceOf,allowanceTotal,allBurn,totalBalances,totalUnfreeze,owner,totalFreeze,spentTotal,,freezeOf,totalSupply,allowance,,,,
totalSupply,freezeSum,balanceOf,allowanceTotal,totalBalances,totalUnfreeze,owner,totalFreeze,spentTotal,,freezeOf,allowance,,,,,,
freezeOf,allMint,freezeSum,allowanceTotal,allBurn,totalBalances,totalMint,owner,totalOut,totalBurn,totalIn,spentTotal,,totalSupply,balanceOf,allowance,,
freezeOf,allMint,freezeSum,balanceOf,allBurn,totalBalances,owner,allowance,,totalSupply,,,,,,,,
totalSupply,freezeSum,balanceOf,totalBalances,totalUnfreeze,owner,allowance,totalFreeze,,freezeOf,,,,,,,,
totalSupply,totalIn,freezeSum,allowanceTotal,totalBalances,totalMint,totalOut,owner,totalUnfreeze,totalBurn,totalFreeze,spentTotal,,freezeOf,balanceOf,allowance,,
totalSupply,freezeOf,freezeSum,balanceOf,totalBalances,owner,allowance,,,,,,,,,,,
totalSupply,totalIn,freezeSum,totalOut,totalBalances,totalMint,totalUnfreeze,owner,totalBurn,allowance,totalFreeze,,freezeOf,balanceOf,,,,
allMint,freezeSum,balanceOf,totalBalances,allBurn,totalUnfreeze,owner,allowance,totalFreeze,,freezeOf,totalSupply,,,,,,
freezeOf,allMint,freezeSum,balanceOf,allowanceTotal,allBurn,totalBalances,owner,spentTotal,,totalSupply,allowance,,,,,,
totalSupply,freezeOf,freezeSum,allowanceTotal,totalBalances,totalMint,totalOut,owner,totalBurn,totalIn,spentTotal,,balanceOf,allowance,,,,
totalSupply,freezeOf,freezeSum,totalOut,totalBalances,totalMint,owner,totalBurn,allowance,totalIn,,balanceOf,,,,,,
freezeOf,allMint,freezeSum,totalOut,allBurn,totalBalances,totalMint,owner,totalBurn,allowance,totalIn,,totalSupply,balanceOf,,,,
